C1males,K,R,S,G,A,123,,,,,,,,,,,,,
K,1,0.3288,0,0,0,0.0261,,,,,,,,,,,,,
R,0.3288,1,0.0261,0,0,0,,,,,,,,,,,,,
S,0,0.0261,1,0.1064,0,0.002,,,,,,,,,,,,,
G,0,0,0.1064,1,0,0,,,,,,,,,,,,,
A,0,0,0,0,1,0.0169,,,,,,,,,,,,,
123,0.0261,0,0.002,0,0.0169,1,,,,,,,,,,,,,
,,,,,,,,,,,,,,,,,,,
,,,,,,,,,,,,,,,,,,,
,,,,,,,,,,,,,,,,,,,
,,,,,,,,,,,,,,,,,,,
,,,,,,,,,,,,,,,,,,,
,,,,,,,,,,,,,,,,,,,
,,,,,,,,,,,,,,,,,,,
,,,,,,,,,,,,,,,,,,,
,,,,,,,,,,,,,,,,,,,
,,,,,,,,,,,,,,,,,,,
,,,,,,,,,,,,,,,,,,,
,,,,,,,,,,,,,,,,,,,
,,,,,,,,,,,,,,,,,,,
,,,,,,,,,,,,,,,,,,,
,,,,,,,,,,,,,,,,,,,
,,,,,,,,,,,,,,,,,,,
,,,,,,,,,,,,,,,,,,,